﻿{
          "requestProcessingTime": 1,
          "transactions": [
           
            {
              "signature": "ff0899e06b7356eb23abc7811a9f0427118ae2e5892e68ea217468970a771d0e35dca857f6912723fad51aec4168a8d539910c98a3a1e6ec5a4a5151193f0859",
              "transactionIndex": 0,
              "type": 8,
              "phased": false,
              "ecBlockId": "2566255077365634677s",
              "signatureHash": "7733af923a9681727e2904528df7e3fbafbf7051151721a3499ee469fb44a730",
              "attachment": {
                "version.Message": 1,
                "messageIsText": true,
                "message": "0.75sadfsadfsafsdf",
                "version.OrdinaryPayment": 0
              },
              "senderRS": "NXT-XEDZ-Z2K6-6FFW-GL7QP",
              "subtype": 0,
              "amountNQT": "99999709600000000",
              "recipientRS": "NXT-55RM-55WK-D2MB-2LNUB",
              "block": "9868925413397340847s",
              "blockTimestamp": "99999709600000000",
              "deadline": 1440,
              "timestamp": "99999709600000000",
              "height": 330068,
              "senderPublicKey": "3525ebe6e8bb55ef559cca8a90f067a115f1f7b87e522ad521cef5245851f84f",
              "feeNQT": "99999709600000000",
              "confirmations": "xxxx",
              "fullHash": "cc27c245f8e458057a09dd975698d1c4de4b8c8244cf32df9a418c47ee4d0cb8",
              "version": 1,
              "sender": "16922472378641854847",
              "recipient": "354256156657553139",
              "ecBlockHeight": 330060,
              "transaction": "ggg"


            },
            {
              "signature": "ff0899e06b7356eb23abc7811a9f0427118ae2e5892e68ea217468970a771d0e35dca857f6912723fad51aec4168a8d539910c98a3a1e6ec5a4a5151193f0859",
              "transactionIndex": 0,
              "type": 8,
              "phased": false,
              "ecBlockId": "2566255077365634677s",
              "signatureHash": "7733af923a9681727e2904528df7e3fbafbf7051151721a3499ee469fb44a730",
              "attachment": {
                "version.Message": 1,
                "messageIsText": true,
                "message": "0.75sadfsadfsafsdf",
                "version.OrdinaryPayment": 0
              },
              "senderRS": "NXT-XEDZ-Z2K6-6FFW-GL7QP",
              "subtype": 0,
              "amountNQT": "99999709600000000",
              "recipientRS": "NXT-55RM-55WK-D2MB-2LNUB",
              "block": "9868925413397340847s",
              "blockTimestamp": "99999709600000000",
              "deadline": 1440,
              "timestamp": "99999709600000000",
              "height": 330068,
              "senderPublicKey": "3525ebe6e8bb55ef559cca8a90f067a115f1f7b87e522ad521cef5245851f84f",
              "feeNQT": "99999709600000000",
              "confirmations": "xxxx",
              "fullHash": "cc27c245f8e458057a09dd975698d1c4de4b8c8244cf32df9a418c47ee4d0cb8",
              "version": 1,
              "sender": "16922472378641854847",
              "recipient": "354256156657553139",
              "ecBlockHeight": 330060,
              "transaction": "ggg"
            }
          ]
        }